Feature,CURIE,Definition,Synonyms,PPMI,BIOFIND,LuxPARK,LCC,PRoBaND,OPDC,OMOP,Fox Insight,DATATOP,PINE,UK Biobank,PostCEPT,SPARX,Rank
Depression,NCIT:C2982,A melancholy feeling of sadness and despair.,"depression, Depression",DEPRS,DEPRS,question270_270,DEPRS,,u_13_depression,45878997,FIVENeuroHxTypeDepress,F2000_7,Depression,"20510-0.0, 29003-0.0",CBQ6,depression,1
Stroke,NCIT:C3390,A sudden loss of neurological function secondary to hemorrhage or ischemia in the brain parenchyma due to a vascular event.,"Stroke Syndrome, Cerebrovascular Accident, Cerebral Infarction, Stroke, CVA, UNDETERMINED STROKE, stroke, Stroke/CVA",STROKE,STROKE,question210_210,STRKSTPD,history_stroke,history_stroke,36210384,StrokeDia,,,,,stroke,1
Parkinson's Disease,NCIT:C26845,"A progressive degenerative disorder of the central nervous system characterized by loss of dopamine producing neurons in the substantia nigra and the presence of Lewy bodies in the substantia nigra and locus coeruleus. Signs and symptoms include tremor which is most pronounced during rest, muscle rigidity, slowing of the voluntary movements, a tendency to fall back, and a mask-like facial expression.","Parkinson's disease, Parkinson's Disease, Parkinson Disease",,PARKISM,question803_803,pdenrl,,,381270,InitPDDiag,,,,,,1
Diabetes,NCIT:C2985,A metabolic disorder characterized by abnormally high blood sugar levels due to diminished production of insulin or insulin resistance/desensitization.,"Diabetes_Mellitus, Diabetes, Diabetes Mellitus, DM, diabetes, diabetes mellitus",,,question212_212,,history_diabetes,history_diabetes,45879799,DiabetesDia,,DiabetesbeforeBL,"2443-0.0, 2443-1.0, 2443-2.0, 2443-3.0",,diabetes,1
Anxiety,MONDO:0011918,"A feeling of worry, nervousness, or unease about something with an uncertain outcome.",,FEATANXITY,,question216_216,,,u_14_anxiety,441542,AnxietyDia,F1300_22,,29154-0.0,,psych,1
Bipolar,NCIT:C34423,"A disorder of the brain that causes unusual shifts in mood, energy, activity levels and the ability to carry out day-to-day tasks. Often these moods range and shift from periods of elation and energized behavior to those of hopelessness and depression.","Manic-Depression, Manic Depressive Disorder, Bipolar Disorder",,,question216_216,,,,4128935,BipolarDia,,,,,,1
Schizophrenia,NCIT:C3362,"A major psychotic disorder characterized by abnormalities in the perception or expression of reality. It affects the cognitive and psychomotor functions. Common clinical signs and symptoms include delusions, hallucinations, disorganized thinking, and retreat from reality.","Schizophrenia, schizophrenia",,,question216_216,,,,435783,FinSocDiagSchizoph,,,,,,1
Cancer,NCIT:C9305,"A tumor composed of atypical neoplastic, often pleomorphic cells that invade other tissues. Malignant neoplasms often metastasize to distant anatomic sites and may recur after excision. The most common malignant neoplasms are carcinomas, Hodgkin and non-Hodgkin lymphomas, leukemias, melanomas, and sarcomas.","Malignant Tumor, Cancer, cancer, NEOPLASM, MALIGNANT, Unclassified tumor, malignant, Tumor, NOS, CA, Malignant Growth, Malignancy, Malignant Neoplasm, malignancy, Neoplasm, Malignant Neoplastic Disease",,,question211_211,,,,45877275,FIVECancerHx,,,"2453-0.0, 2453-1.0, 2453-2.0, 2453-3.0",,,1
Lung Cancer,MONDO:0008903,A malignant neoplasm involving the lung.,,,,,,history_lung,history_lung,35820498,FIVECancerHxTypeLung,,,22140-0.0,,,1
Colon Cancer,HP:0003003,A malignant neoplasm involving the colon.,Colon cancer,,,,,history_bowel,history_bowel,45877391,FIVECancerHxTypeCol,,,,,,1
Prostate Cancer,HP:0012125,A cancer of the prostate.,Prostatic cancer,,,,,history_prostate,history_prostate,35822937,FIVECancerHxTypePro,,,,,,1
Breast Cancer,MONDO:0007254,A primary or metastatic malignant neoplasm involving the breast. The vast majority of cases are carcinomas arising from the breast parenchyma or the nipple. Malignant breast neoplasms occur more frequently in females than in males.,,,,,,history_breast,history_breast,35816541,FIVECancerHxTypeBre,,,,,,1
Melanoma,NCIT:C3224,"A malignant, usually aggressive tumor composed of atypical, neoplastic melanocytes. Most often, melanomas arise in the skin (cutaneous melanomas) and include the following histologic subtypes: superficial spreading melanoma, nodular melanoma, acral lentiginous melanoma, and lentigo maligna melanoma. Cutaneous melanomas may arise from acquired or congenital melanocytic or dysplastic nevi. Melanomas may also arise in other anatomic sites including the gastrointestinal system, eye, urinary tract, and reproductive system. Melanomas frequently metastasize to lymph nodes, liver, lungs, and brain.","MELANOMA, MALIGNANT, Melanoma, Melanoma, NOS, melanoma, Malignant Melanoma",,,,,,history_melanoma,4346329,FIVECancerHxTypeMel,,,,,,1
Thyroid,NCIT:C12400,An endocrine gland located at the base of the neck that produces and secretes thyroxine and other hormones. Thyroxine is important for metabolic control.,"Head and Neck, Thyroid, THYROID GLAND, Total Thyroid, Thyroid Gland, thyroid, thyroid gland, GLAND, THYROID, Thyroid gland",,,question212_212,,,,42530171,FIVECancerHxTypeThy,,,,,thyroid,1
Head Injury ,NCIT:C34660,A traumatic injury to the head.,"Head Injury, Injury of Head",HINJNOLC,,rfqu_head1,HXHINJ,,,36311163,Head,,,,HINJLOC,,1
Heart Rate,NCIT:C49677,"The number of heartbeats per unit of time, usually expressed as beats per minute.","Heart Rate, HR, Vital Signs - Heart Rate","HRSTND, HRSUP","HRSTND, HRSUP",,,,,4239408,"PDMBAtrFib, PDMBTransIsc","F6000_34, F6000_36",,,,ventrate,1
Traumatic Brain Injury,NCIT:C50440,Trauma to the brain.,TBI,,,question210_210,,,,4132546,FIVETBIHx,,,,,,1
Fall - Outpatient,,Fall resulted in outpatient visit to a healthcare provider,,FLLDRVIS,,,,,,436583,FIVEFalls61,,,,,,1
Fall - ER,,Fall resulted in ER visit,,FLLERVIS,,,,,,436583,FIVEFalls62,,,,,,1
Fall - Hospitilization,,Fall resulted in hospitalization,,FLLHOSP,,,,,,436583,FIVEFalls63,,,,,,1
Fall - Institutionalization,,Fall resulted in institutionalization,,FLLINST,,,,,,436583,FIVEFalls65,,,,,,1
Fall - Surgery,,Fall resulted in surgery,,FLLSURG,,,,,,436583,FIVEFalls64,,,,,,1
Fall - Not Freezing,,Participant currently experiencing falls not related to freezing,,FLNFR1W,,,,,,436583,FIVEFalls4,F2000_17,,,,,1
Freezing of Gait,HP:0031825,"Freezing of gait is defined as a brief, episodic absence or marked reduction of forward progression of the feet despite the intention to walk.",Freezing gait,FRZGT1W,NP3FRZGT,gaitlab_q11,HXFRZERL,,,40481965,FIVEFalls3,F2000_18,,,,freezegait,1
Hip/Limb Fracture,NCIT:C27002,"A traumatic break in one or more of the bones in the hip, thigh, leg, or foot.",Lower Extremity Fracture,INJFRHIP,,,,,,4187096,FIVEFalls51,,,,,,1
Skull Fracture,NCIT:C50745,A traumatic or pathologic injury to the bones of the skull in which the continuity of the bones of the skull is broken.,"Skull Fracture, Fracture of Skull",INJFRSKL,,,,,,4324690,FIVEFalls53,,,,,,1
Upper Extremity Fracture,NCIT:C27782,"A traumatic break in one or more of the bones in the arm, forearm, or hand.","Upper Limb Fracture, Upper Extremity Fracture",INJFRUE,,,,,,4050747,FIVEFalls52,,,,,,1
Psychiatric,NCIT:C168404,"Medical history of symptoms, physical examination results, and/or laboratory test results related to mental health.","Psychiatric Finding, Psychiatric",,,question216_216,,,,4228492,FIVEConditionPreclude,F1000_32,,"41151-0.0, 41151-0.1, 41151-0.2, 41151-0.3, 41151-0.4, 41151-0.5",DFPSYCH,psych,1
Neurological Disorder (Other than AD),NCIT:C25262,Medical history pertaining to nerves or the nervous system.,"neurologic, Neurologic, Neurological",,,question210_210,,,,36308796,ImpactChangeThinkNeurological,,,,NPFNLDX,neurlgdisordrs,1
Cardiovascular,NCIT:C25292,Medical history pertaining to the heart or blood vessels.,"cardiovascular, Cardiovascular",,,question214_214,,,,4023995,FIVEHeartHx,F1250_7,,,,cardiovasc,1
Metabolic,NCIT:C28240,Medical history pertaining to the metabolic system,"Metabolic, metabolic",,,question212_212,,,,432455,,,,,,,1
Major Surgical Procedures,,Medical history pertaining to major surgical procedures,,,,question258_258,,,,3009350,,,,"2415-0.0, 2415-1.0, 2415-2.0, 2415-3.0",,,1
Bradykinesia,NCIT:C116707,Slow movement.,Bradykinesia,FEATBRADY,DXBRADY,question806_806,DCBRADY,present_diag_bradykinesia,x_3_3_1_brady_clin,4161417,FIVEMDSBradykinesia,F1100_34,Bradykinesia,,DXBRADY,brdykines,1
Postural Instability,,"Postural instability is the inability to maintain equilibrium under dynamic and static conditions such as preparation of movements, perturbations, and quiet stance.",,FEATPOSINS,DXPOSINS,,DCPOSINS,present_diag_posture,x_3_4_1_postural_clin,4167067,TherapyMoveSympPost,F1100_36,PostInstab,,DXPOSINS,posinstblty,1
Rigidity,,A stiffness of the arms or legs beyond what would result from normal aging or arthritis.,,FEATRIGID,DXRIGID,question805_805,DCRIGID,present_diag_rigidity,x_3_2_1_rigidity_clin,46237197,TherapyMoveSympRigid,F1100_33,Rigidity,,DXRIGID,rigidity,1
Resting Tremor,NCIT:C182454,"A movement disorder characterized by involuntary and rhythmic shaking of a body part that is relaxed and not held against gravity, and where the tremor amplitude decreases with voluntary movements. Resting tremor is a common sign of Parkinson's disease.","Resting Tremor, Rest Tremor",FEATTREMOR,DXTREMOR,question807_807,DCRTREM,present_diag_tremor,x_3_1_1_tremor_clin,4096245,FIVEMDSResttremor,F1100_32,Tremor,,DXTREMOR,resttremor,1
Arteriolosclerosis,NCIT:C35543,The thickening of the wall of the small arteries and arterioles. It is caused by deposition of hyaline material in the wall or concentric smooth muscle wall hypertrophy. It results in lumen narrowing and tissue ischemia.,Arteriolosclerosis,ARTERIOLOSCLEROSIS,,,,,,4075751,,,,,,,1
Braak Staging for LB,,Braak staging refers to two methods used to classify the degree of pathology in Parkinson's disease and Alzheimer's disease.,,BRAAK_FOR_LB,,,,,,,,,,,,,1
Cerebral Cortical Atrophy,HP:0002120,Atrophy of the cortex of the cerebrum.,"Cerebral cortex atrophy, Cortical atrophy, Decrease in size of the outer layer of the brain due to loss of brain cells",CAA,,,,,,,,,,,,,1
Chronic Traumatic Encephalopathy,NCIT:C35542,Encephalopathy resulting from trauma.,Traumatic Encephalopathy,CTE,,,,,,4047745,,,,,,,1
Glial Cytoplasmic Inclusions (GCI),GO:0097409,Non-membrane-bound cytoplasmic inclusions composed of 10-40 nm granule-coated fibrils. These inclusions have an abnormal accumulation of alpha-synuclein protein and are found in association with multiple system atrophy.,,GCI,,,,,,,,,,,,,1
Hippocampal Atrophy,HP:0410170,Partial or complete wasting (loss) of hippocampus tissue that was once present.,"Atrophy of the hippocampus, Degeneration of the hippocampus",HIPPOCAMPAL_ATROPHY,,,,,,,,,,,,,1
Prominent Action Tremor,,,,FEATACTTRM,,,,,,,,,,,DFPATREM,,1
Alien Limb Phenomenon,HP:0032506,Alien limb phenomenon refers to involuntary motor activity of a limb in conjunction with the feeling of estrangement from that limb.,,FEATALNLMB,,question837_837,,,,4266845,,,,,,,1
Disproportionate Anterocollis,,Forward flexion of the head and neck which is greater than expected relative to the flexed posture of the trunk and limbs.,,FEATANTCOL,,,,,,,FIVEMDSAnterocollis,,,,,,1
Apathy,NCIT:C117197,An emotional state of indifference characterized by a lack of interest or concern.,"Apathy, Emotional Indifference",FEATAPATHY,,pspenroll_tab3_c1_1,,,,45617258,FIVEUPDRS1_5,,,,CBQ10,apathy,1
Bowel Dysfunction,MONDO:0004880,Any disease in which the causes of the disease is a perturbation of the lower digestive tract leading to its dysfunction.,,FEATBWLDYS,,,,,,4341223,,,,,DFBWLDYS,,1
Dysarthria,NCIT:C79549,"Slow and slurred speech resulting from inability to coordinate the muscles that are used in speech. Causes include brain damage, Parkinson disease, and developmental causes.",Dysarthria,FEATDYSART,,question262_262,,,,4196636,FIVEMDSBulbardysfunc,,,,,,1
Dyskinesia,NCIT:C50539,Abnormality or impairment of voluntary movement.,"Dyskinesis, Dyskinesia, Dyscinesia",FEATDYSKIN,,,,,,4319906,ImpactMoveDyskinesia,,dyskinesias,,,dyskin,1
Dysphagia,NCIT:C2980,"A symptom referring to difficulty in swallowing. It may be observed in patients with stroke, motor neuron disorders, cancer of the throat or mouth, head and neck injuries, Parkinson disease, and multiple sclerosis.","Difficulty Swallowing, dysphagia, Dysphagia, Dysphagia/ Odynophagia, Difficulty swallowing",FEATDYSPHG,,pspenroll_tab3_r3,,,,31317,FIVEMDSBulbardysfunc,,,,DFBULBAR,,1
Dystonia,NCIT:C34563,"A movement disorder characterized by sustained or intermittent muscle contractions, resulting in abnormal movements and/or postures.",Dystonia,FEATDYSTNA,,question825_825,,,,375800,CannEffectDystonia,F1100_41,,,DFDYSTON,dystonia,1
Supranuclear Gaze Palsy,HP:0000605,"A supranuclear gaze palsy is an inability to look in a particular direction as a result of cerebral impairment. There is a loss of the voluntary aspect of eye movements, but, as the brainstem is still intact, all the reflex conjugate eye movements are normal.",Supranuclear gaze paralysis,FEATGZEPAL,,,SGPSVSAC,,,4221473,,,,,,,1
Inspiratory Stridor,HP:0005348,Inspiratory stridor is a high pitched sound upon inspiration that is generally related to laryngeal abnormalities.,,FEATINSPST,,,,,,4242420,FIVEMDSRespiratory,,,,,,1
Micrographia,HP:0031908,Abnormally small sized handwriting defined formally as an impairment of a fine motor skill manifesting mainly as a progressive or stable reduction in amplitude during a writing task.,,FEATMCRGRA,,,,,,37110756,,,,,,micrographia,1
Myoclonus,NCIT:C116924,"A rapid, involuntary jerk of a muscle or group of muscles.",Myoclonus,FEATMYCLNS,,question826_826,,,,441553,,,,,DFMYOCLO,,1
Seborrheic Dermatitis,NCIT:C111888,"A chronic, inflammatory skin disorder that affects the scalp, central face and skin folds; it is characterized by scaling and itching.","Cradle Cap, Seborrhea, Seborrheic Eczema, Seborrheic Dermatitis",FEATSBDERM,,,,,,137053,Derma,,,,,,1
Sexual Dysfunction,NCIT:C3347,Disturbances in sexual desire or performance.,Sexual Dysfunction,FEATSEXDYS,,,,,,36308716,MedDepPDSympSexDysfunc,,,,DFSEXDYS,,1
Shuffling Gait,HP:0002362,A type of gait (walking) characterized by by dragging one's feet along or without lifting the feet fully from the ground.,Shuffled walk,FEATSHGAIT,,,,,,4181184,,,,,,,1
Stooped Posture,HP:0025403,A habitual positioning of the body with the head and upper back bent forward.,,FEATSTPPOS,,,,,,,,F2000_45,,,,stooppost,1
Broad-based Gait,HP:0002136,An abnormal gait pattern in which persons stand and walk with their feet spaced widely apart. This is often a component of cerebellar ataxia.,"Wide based gait, Wide-based gait, Broad based gait, Wide based walk",FEATWDGAIT,,,,,,,,,,,,,1
Amyotrophy,,Asymmetric lower limb motor neuropathy also known as diabetic lumbosacral plexus neuropathy and Bruns-Garland syndrome.,,,,question828_828,,,,,,,,,,,1
Hallucination,NCIT:C37961,"A false sensory perception in the absence of an external stimulus, as distinct from an illusion which is a misperception of an external stimulus.","Hallucination, hallucination, Hallucinations",,,,HXHALERL,,,433031,MedDepPDMoodHallu,F2000_6,Hallucination,,"CBQ3_1, CBQ3_2, CBQ3_3",hallucinations,1
Asthma,NCIT:C28397,A chronic respiratory disease manifested as difficulty breathing due to the narrowing of bronchial passageways.,"Asthma, asthma",,,,,history_asthma,history_asthma,317009,,,,22127-0.0,,,1
Chronic Bronchitis,NCIT:C26722,"A type of chronic obstructive pulmonary disease characterized by chronic inflammation in the bronchial tree that results in edema, mucus production, obstruction, and reduced airflow to and from the lung alveoli. The most common cause is tobacco smoking. Signs and symptoms include coughing with excessive mucus production, and shortness of breath.",Chronic Bronchitis,,,,,history_bronch,history_bronch,255841,,,,22129-0.0,,,1
Emphysema,EFO:0000464,"A subcategory of chronic obstructive pulmonary disease (COPD). It occurs in people who smoke and suffer from chronic bronchitis. It is characterized by inflation of the alveoli, alveolar wall damage, and reduction in the number of alveoli, resulting in difficulty breathing.","emphysema, pulmonary, Pulmonary Emphysema, EMPHYSEMA, PULMONARY, emphysema, pulmonary emphysema",,,,,history_emphysema,history_emphysema,4169883,FIVELungHxTypeEmp,,,22128-0.0,,,1
Rheumatoid Arthritis,NCIT:C2884,"A chronic, systemic autoimmune disorder characterized by inflammation in the synovial membranes and articular surfaces. It manifests primarily as a symmetric, erosive polyarthritis that spares the axial skeleton and is typically associated with the presence in the serum of rheumatoid factor.","Rheumatoid Arthritis, rheumatoid arthritis, RA",,,,,history_arthritis,history_arthritis,80809,FIVEArthritisHxTypeRhe,,,,,,1
Gout,NCIT:C34650,"A condition characterized by painful swelling of the joints, which is caused by deposition of urate crystals.","Gout, gout",,,,,history_gout,,440674,,,,,,,1