Feature,CURIE,Definition,Synonyms,PPMI,BIOFIND,LuxPARK,LCC,PRoBaND,OPDC,OMOP,Fox Insight,DATATOP,PINE,UK Biobank,PostCEPT,SPARX,Rank
DaTSCAN - Radiopharmaceutical Compound,NCIT:C1446,An agent that contains a radioactive isotope and is used for diagnostic or therapeutic purposes.,"radiopharmaceutical, Radiochemical, Radiopharmaceutical Compound, Radiopharmaceutical, Radiopharmaceuticals, Radioactive Pharmaceutical, radioactive drug",DATSCAN_LIGAND,,,,,,,,,,,,,1
DaTSCAN - Left Caudate,,Dopamine transporter scan - Striatal binding ratio of the left caudate small brain region of interest referenced to the occipital lobe,,DATSCAN_CAUDATE_L,,question304_304,,,,,,,,,,,1
DaTSCAN - Right Caudate,,Dopamine transporter scan - Striatal binding ratio of the right caudate small brain region of interest referenced to the occipital lobe,,DATSCAN_CAUDATE_R,,question304_304,,,,,,,,,,,1
DaTSCAN - Left Putamen,,Dopamine transporter scan - Striatal binding ratio of the left putamen small brain region of interest referenced to the occipital lobe,,DATSCAN_PUTAMEN_L,,question304_304,,,,,,,,,,,1
DaTSCAN - Left Anterior Putamen,,Dopamine transporter scan - Striatal binding ratio of the left anterior putamen brain region of interest referenced to the occipital lobe,,DATSCAN_PUTAMEN_L_ANT,,,,,,,,,,,,,1
DaTSCAN - Right Putamen,,Dopamine transporter scan - Striatal binding ratio of the right putamen small brain region of interest referenced to the occipital lobe,,DATSCAN_PUTAMEN_R,,question304_304,,,,,,,,,,,1
DaTSCAN - Right Anterior Putamen,,Dopamine transporter scan - Striatal binding ratio of the right anterior putamen brain region of interest referenced to the occipital lobe,,DATSCAN_PUTAMEN_R_ANT,,,,,,,,,,,,,1
DaTSCAN - Left Striatum,,Dopamine transporter scan - Striatal binding ratio of the left striatum brain region of interest referenced to the occipital lobe,,,,question304_304,,,,,,,,,,,1
DaTSCAN - Right Striatum,,Dopamine transporter scan - Striatal binding ratio of the right striatum brain region of interest referenced to the occipital lobe,,,,question304_304,,,,,,,,,,,1