Feature,CURIE,Definition,Synonyms,PPMI,BIOFIND,LuxPARK,LCC,PRoBaND,OPDC,OMOP,Fox Insight,DATATOP,PINE,UK Biobank,PostCEPT,SPARX,Rank
DTI - Left Rostral,,Diffusion tensor imaging - Left rostral,,ROI1,,,,,,,,,,,,,1
DTI - Right Rostral,,Diffusion tensor imaging - Right rostral,,ROI4,,,,,,,,,,,,,1
DTI - Left Middle,,Diffusion tensor imaging - Left middle,,ROI2,,,,,,,,,,,,,1
DTI - Right Middle,,Diffusion tensor imaging - Right middle,,ROI5,,,,,,,,,,,,,1
DTI - Left Caudal,,Diffusion tensor imaging - Left caudal,,ROI3,,,,,,,,,,,,,1
DTI - Right Caudal,,Diffusion tensor imaging - Right caudal,,ROI6,,,,,,,,,,,,,1