Feature,CURIE,Definition,Synonyms,PPMI,BIOFIND,LuxPARK,LCC,PRoBaND,OPDC,OMOP,UMLS,Fox Insight,DATATOP,PINE,UK Biobank,PostCEPT,SPARX,Rank
Smoking,NCIT:C173060,Individual's smoking history or smoking habit,Smoking Question,,CIGCURR,rfqu_smoking2,CIGLFREG,smoke_current_amount,merqp_smoking,45880274,C0037369,,,,"1239-0.0, 1239-1.0, 1239-2.0, 1239-3.0",,,1
Smokeless Tobacco Use,NCIT:C137998,"Use of smokeless tobacco in any form, e.g., chewing or sniffing.","Tobacco, Smokeless, Smokeless Tobacco Use",,,,CHWREG,,,903666,C4527315,sm7,F1200_25,,,,,1
Alcohol Consumption,NCIT:C16273,"Consumption of liquids containing ethanol, including the behaviors associated with drinking the alcohol.",Alcohol Consumption,,ALCCURR,rfqu_alcohol2,alclfreg,,,4203148,C0001948,,,,"20117-0.0, 20117-1.0, 20117-2.0, 20117-3.0",,,1
Coffee Consumption,EFO:0004330,Behaviors associated with the ingesting of coffee,caffeine consumption,,,,ccoff,coffee_current,,4022874,,,,,"100240-0.0, 100240-1.0, 100240-2.0, 100240-3.0, 100240-4.0",,,1
Black Tea Consumption,NCIT:C29871,"Black tea is an infusion of dried leaves from plants of the Theaceae family. Due to the alkaloid caffeine, its main effect is stimulation. Black teas also contain other phytochemicals such as flavonoid and flavonoid-related compounds with strong antioxidant effects. They also attenuate atherosclerotic inflammation, reduce thrombosis, promote normal endothelial function, and block expression of cellular adhesion molecules. Black tea may reduce the risk of cancer, heart diseases, infectious diseases, and degenerative diseases.","Black Tea, Tea, Black Extract",,,,cbtea,,,4025587,,cfb1,,,,,,1
Green Tea Consumption,NCIT:C67048,"Tea derived from the dried leaves of the plant Camellia sinensis with potential antioxidant, chemopreventive, and lipid-lowering activities. Green tea contains polyphenols that are believed to be responsible for its chemopreventive effect. The polyphenol fraction contains mainly Epigallocatechin-3-gallate (EGCG) and other catechins, such as epicatechin (EC), gallocatechin gallate (GCG), epigallocatechin (EGC), and epicatechin gallate (ECG). Green tea polyphenols act as antioxidants and free radical scavengers and may affect enzymes involved in cellular replication and tumor angiogenesis by modulating angiogenic factors, such as vascular endothelial growth factor (VEGF).","Green Tea, GREEN TEA LEAF",,,,cgtea,,,4259074,,,,,"100420-0.0, 100420-1.0, 100420-2.0, 100420-3.0, 100420-4.0",,,1
Caffeinated Soda Consumption,FOODON:00003940,Consumption of caffeinated soda products,"caffeinated pop, caffeinated soda",,,,csoda,,,,,cfd0,,,,,,1